{
  "fastapi": {
    "handshake": {
      "p50": 2.094082999974489,
      "p95": 2.5814580149017274,
      "p99": 4.3572079739533365,
      "samples": 100
    },
    "hijack": {
      "p50": 3.4103330108337104,
      "p95": 6.190082989633083,
      "p99": 6.190082989633083,
      "ops_per_sec": 282.5614184332194,
      "samples": 7
    },
    "broadcast": {
      "fps": 471.39236613419274,
      "lag_p50": 0.31414554090036484,
      "lag_p95": 2.5436241766346583
    },
    "scaling": {
      "10": {
        "p50": 0.2038329839706421,
        "p95": 0.32650004141032696
      },
      "50": {
        "p50": 0.24804199347272515,
        "p95": 0.31462498009204865
      },
      "100": {
        "p50": 0.2871250035241246,
        "p95": 0.42291596764698625
      }
    }
  },
  "cf_worker": {
    "handshake": {
      "p50": 8.248458034358919,
      "p95": 10.049666976556182,
      "p99": 10.049666976556182,
      "samples": 10
    },
    "hijack": {
      "p50": 12.277582951355726,
      "p95": 13.018375029787421,
      "p99": 13.018375029787421,
      "ops_per_sec": 84.06982042616227,
      "samples": 18
    },
    "broadcast": {
      "fps": 49.923563903332365,
      "lag_p50": 0.657047169230316,
      "lag_p95": 0.8783417986705899
    },
    "scaling": {
      "3": {
        "p50": 0.8525419980287552,
        "p95": 1.8024169839918613
      },
      "5": {
        "p50": 1.1169170029461384,
        "p95": 1.9309169729240239
      }
    }
  }
}